place_id,place_name,review_unique_key,reviewer_name,star_rating,review_date_text,review_date_estimated,likes_count,review_text,owner_response_text,aspect_name,mentioned,mention_count_in_review,aspect_sentiment_score,aspect_sentiment_label
bailemen_jiuguan,百樂門酒館,a5bc4926165200339ab1bb320a25e663644cd7f0c0c01de09bcf3f3664362b54,涼麵稽查員（cool）,3.0,1 年前,2025-03-27,0,不。餐點:3服務:3氣氛:3,是的!,正餐,1,1,0.0,neutral
bailemen_jiuguan,百樂門酒館,a5bc4926165200339ab1bb320a25e663644cd7f0c0c01de09bcf3f3664362b54,涼麵稽查員（cool）,3.0,1 年前,2025-03-27,0,不。餐點:3服務:3氣氛:3,是的!,店員/服務,1,1,0.0,neutral
bailemen_jiuguan,百樂門酒館,46eb13619bf52bb83ec012bbb405f5f789bff76e66e0b8b072216e8e72898786,戴你飛上月球,4.0,1 年前,2025-03-27,0,好玩餐點:5服務:4氣氛:5等待時間最多 10 分鐘,,正餐,1,1,0.0,neutral
bailemen_jiuguan,百樂門酒館,46eb13619bf52bb83ec012bbb405f5f789bff76e66e0b8b072216e8e72898786,戴你飛上月球,4.0,1 年前,2025-03-27,0,好玩餐點:5服務:4氣氛:5等待時間最多 10 分鐘,,店員/服務,1,1,0.0,neutral
bailemen_jiuguan,百樂門酒館,46eb13619bf52bb83ec012bbb405f5f789bff76e66e0b8b072216e8e72898786,戴你飛上月球,4.0,1 年前,2025-03-27,0,好玩餐點:5服務:4氣氛:5等待時間最多 10 分鐘,,出餐速度,1,1,0.0,neutral
bailemen_jiuguan,百樂門酒館,a8d539f6bb9ea4693869e40cb333def59a8d0f968725ad28f3aac5c1797e9c48,patrick t,5.0,1 年前,2025-03-27,0,"場地不錯,音響效果也出乎意料地好。餐點:5服務:5氣氛:5",,正餐,1,1,0.0,neutral
bailemen_jiuguan,百樂門酒館,a8d539f6bb9ea4693869e40cb333def59a8d0f968725ad28f3aac5c1797e9c48,patrick t,5.0,1 年前,2025-03-27,0,"場地不錯,音響效果也出乎意料地好。餐點:5服務:5氣氛:5",,店員/服務,1,1,0.0,neutral
bailemen_jiuguan,百樂門酒館,10afe27a7078f9f64ce70f37b6525407b054fb8227b6a75d5ba5296ca98748d6,Mark Moran,5.0,5 個月前,2025-10-27,0,"欣賞音樂的好地方預訂網址不需要訂位用餐人數多人聚餐/單人用餐皆宜座位類型酒吧區, 吧台座位",,功能用途,1,1,0.0,neutral
bailemen_jiuguan,百樂門酒館,10afe27a7078f9f64ce70f37b6525407b054fb8227b6a75d5ba5296ca98748d6,Mark Moran,5.0,5 個月前,2025-10-27,0,"欣賞音樂的好地方預訂網址不需要訂位用餐人數多人聚餐/單人用餐皆宜座位類型酒吧區, 吧台座位",,氛圍/風格,1,1,0.0,neutral
bailemen_jiuguan,百樂門酒館,e457034f3f7ba597c3b942e051ecfe98c96c3dd2a1da938e4795decce875ac3d,hûn-gān chhòa,5.0,2 個月前,2026-01-27,0,"龐克搖滾永存平均每人消費金額$200-400餐點:5服務:5氣氛:5吵雜程度吵雜,但還是能交談等待時間不需等候座位類型酒吧區, 沙發座位, 吧台座位",,正餐,1,1,0.0,neutral
bailemen_jiuguan,百樂門酒館,e457034f3f7ba597c3b942e051ecfe98c96c3dd2a1da938e4795decce875ac3d,hûn-gān chhòa,5.0,2 個月前,2026-01-27,0,"龐克搖滾永存平均每人消費金額$200-400餐點:5服務:5氣氛:5吵雜程度吵雜,但還是能交談等待時間不需等候座位類型酒吧區, 沙發座位, 吧台座位",,功能用途,1,1,0.0,neutral
bailemen_jiuguan,百樂門酒館,e457034f3f7ba597c3b942e051ecfe98c96c3dd2a1da938e4795decce875ac3d,hûn-gān chhòa,5.0,2 個月前,2026-01-27,0,"龐克搖滾永存平均每人消費金額$200-400餐點:5服務:5氣氛:5吵雜程度吵雜,但還是能交談等待時間不需等候座位類型酒吧區, 沙發座位, 吧台座位",,店員/服務,1,1,0.0,neutral
bailemen_jiuguan,百樂門酒館,68b8b441b290d167d375406b499d515762e2e271c1101e6c4f2708a318a25a90,forty inches,5.0,6 年前,2020-03-27,0,這裡的人都很友善。不過只有一個男調酒師會說英語。顧客比較年輕。音樂不錯。也不吵鬧。,,氛圍/風格,1,1,1.0,positive
bailemen_jiuguan,百樂門酒館,02b2a6b39db8580018f6455cf975d44f0be23ae54e452f524969de41131e5add,Anton,5.0,3 年前,2023-03-27,1,"樓上有現場音樂表演,樓下有DJ,雖然雞尾酒沒什麼特別驚人之處,但氣氛很好!",,氛圍/風格,1,1,0.0,neutral
bailemen_jiuguan,百樂門酒館,28f847971dab589b1162e9e74da8029838a7175be9643a6d2e83d2dae30ebdc9,Vojta,4.0,9 個月前,2025-06-27,0,"這家酒吧很棒,二樓經常有精彩的演唱會。不過我得扣一顆星,因為生啤酒實在太難喝了。要嘛是設備髒了,要嘛是酒桶太舊了,我也說不準。平均每人消費金額$200-400餐點:3服務:5氣氛:5吵雜程度吵雜,但還是能交談座位類型室內用餐區, 戶外庭園/露台, 吧台座位",,正餐,1,1,0.0,neutral
bailemen_jiuguan,百樂門酒館,28f847971dab589b1162e9e74da8029838a7175be9643a6d2e83d2dae30ebdc9,Vojta,4.0,9 個月前,2025-06-27,0,"這家酒吧很棒,二樓經常有精彩的演唱會。不過我得扣一顆星,因為生啤酒實在太難喝了。要嘛是設備髒了,要嘛是酒桶太舊了,我也說不準。平均每人消費金額$200-400餐點:3服務:5氣氛:5吵雜程度吵雜,但還是能交談座位類型室內用餐區, 戶外庭園/露台, 吧台座位",,功能用途,1,1,0.0,neutral
bailemen_jiuguan,百樂門酒館,28f847971dab589b1162e9e74da8029838a7175be9643a6d2e83d2dae30ebdc9,Vojta,4.0,9 個月前,2025-06-27,0,"這家酒吧很棒,二樓經常有精彩的演唱會。不過我得扣一顆星,因為生啤酒實在太難喝了。要嘛是設備髒了,要嘛是酒桶太舊了,我也說不準。平均每人消費金額$200-400餐點:3服務:5氣氛:5吵雜程度吵雜,但還是能交談座位類型室內用餐區, 戶外庭園/露台, 吧台座位",,店員/服務,1,1,0.0,neutral
bailemen_jiuguan,百樂門酒館,28f847971dab589b1162e9e74da8029838a7175be9643a6d2e83d2dae30ebdc9,Vojta,4.0,9 個月前,2025-06-27,0,"這家酒吧很棒,二樓經常有精彩的演唱會。不過我得扣一顆星,因為生啤酒實在太難喝了。要嘛是設備髒了,要嘛是酒桶太舊了,我也說不準。平均每人消費金額$200-400餐點:3服務:5氣氛:5吵雜程度吵雜,但還是能交談座位類型室內用餐區, 戶外庭園/露台, 吧台座位",,衛生/整潔,1,1,-1.0,negative
bailemen_jiuguan,百樂門酒館,c95b34b4164b8a97f015d450626c0caf03863f11b0d2b75101b8ef9f90e551af,Bonnie Yu,5.0,2 個月前,2026-01-27,0,"高雄cp值最高 最有人情味的地方!平均每人消費金額$200-400餐點:5服務:5氣氛:5等待時間不需等候座位類型室內用餐區, 酒吧區, 吧台座位",,正餐,1,1,0.0,neutral
bailemen_jiuguan,百樂門酒館,c95b34b4164b8a97f015d450626c0caf03863f11b0d2b75101b8ef9f90e551af,Bonnie Yu,5.0,2 個月前,2026-01-27,0,"高雄cp值最高 最有人情味的地方!平均每人消費金額$200-400餐點:5服務:5氣氛:5等待時間不需等候座位類型室內用餐區, 酒吧區, 吧台座位",,功能用途,1,1,0.0,neutral
bailemen_jiuguan,百樂門酒館,c95b34b4164b8a97f015d450626c0caf03863f11b0d2b75101b8ef9f90e551af,Bonnie Yu,5.0,2 個月前,2026-01-27,0,"高雄cp值最高 最有人情味的地方!平均每人消費金額$200-400餐點:5服務:5氣氛:5等待時間不需等候座位類型室內用餐區, 酒吧區, 吧台座位",,店員/服務,1,1,0.0,neutral
bailemen_jiuguan,百樂門酒館,c95b34b4164b8a97f015d450626c0caf03863f11b0d2b75101b8ef9f90e551af,Bonnie Yu,5.0,2 個月前,2026-01-27,0,"高雄cp值最高 最有人情味的地方!平均每人消費金額$200-400餐點:5服務:5氣氛:5等待時間不需等候座位類型室內用餐區, 酒吧區, 吧台座位",,價格,1,1,0.0,neutral
bailemen_jiuguan,百樂門酒館,c95b34b4164b8a97f015d450626c0caf03863f11b0d2b75101b8ef9f90e551af,Bonnie Yu,5.0,2 個月前,2026-01-27,0,"高雄cp值最高 最有人情味的地方!平均每人消費金額$200-400餐點:5服務:5氣氛:5等待時間不需等候座位類型室內用餐區, 酒吧區, 吧台座位",,出餐速度,1,1,0.0,neutral
bailemen_jiuguan,百樂門酒館,818fce4af8aa42724fa72f1369869754a749e017d4bed69ed0809c7c4c8849a2,chatchaya tanadamronglert,5.0,1 年前,2025-03-27,0,"這裡氛圍超棒,輕鬆又充滿復古氣息。老闆非常友善。食物價格也很合理。週五、週六和週日二樓還有現場音樂表演。強烈推薦! 🥰🥰🥰🥰🥰平均每人消費金額$400-600餐點:5服務:5氣氛:5",,正餐,1,1,0.0,neutral
bailemen_jiuguan,百樂門酒館,818fce4af8aa42724fa72f1369869754a749e017d4bed69ed0809c7c4c8849a2,chatchaya tanadamronglert,5.0,1 年前,2025-03-27,0,"這裡氛圍超棒,輕鬆又充滿復古氣息。老闆非常友善。食物價格也很合理。週五、週六和週日二樓還有現場音樂表演。強烈推薦! 🥰🥰🥰🥰🥰平均每人消費金額$400-600餐點:5服務:5氣氛:5",,氛圍/風格,1,2,0.0,neutral
bailemen_jiuguan,百樂門酒館,818fce4af8aa42724fa72f1369869754a749e017d4bed69ed0809c7c4c8849a2,chatchaya tanadamronglert,5.0,1 年前,2025-03-27,0,"這裡氛圍超棒,輕鬆又充滿復古氣息。老闆非常友善。食物價格也很合理。週五、週六和週日二樓還有現場音樂表演。強烈推薦! 🥰🥰🥰🥰🥰平均每人消費金額$400-600餐點:5服務:5氣氛:5",,店員/服務,1,2,0.0,neutral
bailemen_jiuguan,百樂門酒館,818fce4af8aa42724fa72f1369869754a749e017d4bed69ed0809c7c4c8849a2,chatchaya tanadamronglert,5.0,1 年前,2025-03-27,0,"這裡氛圍超棒,輕鬆又充滿復古氣息。老闆非常友善。食物價格也很合理。週五、週六和週日二樓還有現場音樂表演。強烈推薦! 🥰🥰🥰🥰🥰平均每人消費金額$400-600餐點:5服務:5氣氛:5",,價格,1,1,0.0,neutral
bailemen_jiuguan,百樂門酒館,492d73650895b03bade30a889c5804da61814701a81cdba7248b0cf122be85de,Aurelijus Vijunas,5.0,上次編輯：2 個月前,2026-01-27,0,"這裡是地下音樂愛好者的天堂!食物和飲品一般,但還可以。服務很好,我來這裡主要是為了看演出,演出一直都很精彩。平均每人消費金額$1-200餐點:4服務:5氣氛:5吵雜程度有點吵雜等待時間不需等候座位類型室內用餐區, 酒吧區, 戶外庭園/露台",,飲品,1,1,0.0,neutral
bailemen_jiuguan,百樂門酒館,492d73650895b03bade30a889c5804da61814701a81cdba7248b0cf122be85de,Aurelijus Vijunas,5.0,上次編輯：2 個月前,2026-01-27,0,"這裡是地下音樂愛好者的天堂!食物和飲品一般,但還可以。服務很好,我來這裡主要是為了看演出,演出一直都很精彩。平均每人消費金額$1-200餐點:4服務:5氣氛:5吵雜程度有點吵雜等待時間不需等候座位類型室內用餐區, 酒吧區, 戶外庭園/露台",,正餐,1,1,0.0,neutral
bailemen_jiuguan,百樂門酒館,492d73650895b03bade30a889c5804da61814701a81cdba7248b0cf122be85de,Aurelijus Vijunas,5.0,上次編輯：2 個月前,2026-01-27,0,"這裡是地下音樂愛好者的天堂!食物和飲品一般,但還可以。服務很好,我來這裡主要是為了看演出,演出一直都很精彩。平均每人消費金額$1-200餐點:4服務:5氣氛:5吵雜程度有點吵雜等待時間不需等候座位類型室內用餐區, 酒吧區, 戶外庭園/露台",,功能用途,1,1,0.0,neutral
bailemen_jiuguan,百樂門酒館,492d73650895b03bade30a889c5804da61814701a81cdba7248b0cf122be85de,Aurelijus Vijunas,5.0,上次編輯：2 個月前,2026-01-27,0,"這裡是地下音樂愛好者的天堂!食物和飲品一般,但還可以。服務很好,我來這裡主要是為了看演出,演出一直都很精彩。平均每人消費金額$1-200餐點:4服務:5氣氛:5吵雜程度有點吵雜等待時間不需等候座位類型室內用餐區, 酒吧區, 戶外庭園/露台",,氛圍/風格,1,1,0.0,neutral
bailemen_jiuguan,百樂門酒館,492d73650895b03bade30a889c5804da61814701a81cdba7248b0cf122be85de,Aurelijus Vijunas,5.0,上次編輯：2 個月前,2026-01-27,0,"這裡是地下音樂愛好者的天堂!食物和飲品一般,但還可以。服務很好,我來這裡主要是為了看演出,演出一直都很精彩。平均每人消費金額$1-200餐點:4服務:5氣氛:5吵雜程度有點吵雜等待時間不需等候座位類型室內用餐區, 酒吧區, 戶外庭園/露台",,店員/服務,1,2,0.0,neutral
bailemen_jiuguan,百樂門酒館,492d73650895b03bade30a889c5804da61814701a81cdba7248b0cf122be85de,Aurelijus Vijunas,5.0,上次編輯：2 個月前,2026-01-27,0,"這裡是地下音樂愛好者的天堂!食物和飲品一般,但還可以。服務很好,我來這裡主要是為了看演出,演出一直都很精彩。平均每人消費金額$1-200餐點:4服務:5氣氛:5吵雜程度有點吵雜等待時間不需等候座位類型室內用餐區, 酒吧區, 戶外庭園/露台",,出餐速度,1,1,0.0,neutral
bailemen_jiuguan,百樂門酒館,d04ed57afb0a4585660c21d09aab0d40d97be8afc2fb898e38ffd3381cfac43d,失格,5.0,7 年前,2019-03-27,0,音樂聖地,,氛圍/風格,1,1,0.0,neutral
bailemen_jiuguan,百樂門酒館,e3377c8b3501b6c28f1fba8ce7557adfd8e7b357735c7a979e5caab058c89496,Litro Yang,5.0,3 年前,2023-03-27,0,老闆親切,,店員/服務,1,1,1.0,positive
bailemen_jiuguan,百樂門酒館,e9c410bf0044f2d850b2eef00b0b70006be7b3c9883403c14969f15605d05aae,MSL N,5.0,1 年前,2025-03-27,0,讚服務:5氣氛:5,,店員/服務,1,1,1.0,positive
bailemen_jiuguan,百樂門酒館,a439f46728b25f9b5a06aa613a83413bf4f6668bbdaf96cac82562de27c1ef54,liu nemo,5.0,上次編輯：1 年前,2025-03-27,1,可以那個餐點:5服務:5氣氛:5,,正餐,1,1,0.0,neutral
bailemen_jiuguan,百樂門酒館,a439f46728b25f9b5a06aa613a83413bf4f6668bbdaf96cac82562de27c1ef54,liu nemo,5.0,上次編輯：1 年前,2025-03-27,1,可以那個餐點:5服務:5氣氛:5,,店員/服務,1,1,0.0,neutral
bailemen_jiuguan,百樂門酒館,906ded099f74c475ecafc48aa59587e88c674839e7a5f64ee880a6b75d7a4edc,童立,5.0,7 年前,2019-03-27,2,優質音樂展演空間,,功能用途,1,1,0.0,neutral
bailemen_jiuguan,百樂門酒館,906ded099f74c475ecafc48aa59587e88c674839e7a5f64ee880a6b75d7a4edc,童立,5.0,7 年前,2019-03-27,2,優質音樂展演空間,,氛圍/風格,1,1,0.0,neutral
bailemen_jiuguan,百樂門酒館,c2b4a7354b8cb1fd8eb70d765a060f22c969661ea2ab13369360f86c841a02c7,Hoster,5.0,2 年前,2024-03-27,0,舒適專業的Live House餐點:5服務:5氣氛:5,,正餐,1,1,1.0,positive
bailemen_jiuguan,百樂門酒館,c2b4a7354b8cb1fd8eb70d765a060f22c969661ea2ab13369360f86c841a02c7,Hoster,5.0,2 年前,2024-03-27,0,舒適專業的Live House餐點:5服務:5氣氛:5,,氛圍/風格,1,1,1.0,positive
bailemen_jiuguan,百樂門酒館,c2b4a7354b8cb1fd8eb70d765a060f22c969661ea2ab13369360f86c841a02c7,Hoster,5.0,2 年前,2024-03-27,0,舒適專業的Live House餐點:5服務:5氣氛:5,,店員/服務,1,1,1.0,positive
bailemen_jiuguan,百樂門酒館,5025c0f0651878711fd51be44a3ddb0c7ac8ad78b1497441ef69de94fc4d8f24,麥樂,5.0,2 年前,2024-03-27,1,我愛雞柳條餐點:5,,正餐,1,1,0.0,neutral
bailemen_jiuguan,百樂門酒館,45a1c41eba21182443aa10b3dbe38c0a6460c55df88458f1ea7919d6e7340b02,潘盛宥,5.0,7 年前,2019-03-27,0,聽音樂聊天的好地方,,氛圍/風格,1,1,0.0,neutral
bailemen_jiuguan,百樂門酒館,240ba59b9bc68c60f1bc947c498dd8e05749e0bfa8410a4bd5df6bb81419fc4a,PD,5.0,4 年前,2022-03-27,0,高雄獨立音樂第一搖籃,,氛圍/風格,1,1,0.0,neutral
bailemen_jiuguan,百樂門酒館,aa2ac52974f1cb6b55326d9174577902dec8066fc87826ab449c027029906d51,Peggy Chen,5.0,6 年前,2020-03-27,0,是自由的酒館!自己的廚房!自己的餐桌!自己的客廳!,,衛生/整潔,1,1,0.0,neutral
bailemen_jiuguan,百樂門酒館,0b401040ac3c70a9b475b4a69ad99864febeb126bad7467891db0f3ae79c97ca,黃易汗,5.0,5 年前,2021-03-27,1,老闆敢作敢當 薯條好吃,,店員/服務,1,1,1.0,positive
bailemen_jiuguan,百樂門酒館,f4ffd63cf9e8ed72031cfd6f34917f7e58384fe1eee0dee0d3133939b3be346a,Su-Min Chuang,5.0,6 年前,2020-03-27,0,高雄獨立音樂的珍貴堡壘!,,氛圍/風格,1,1,0.0,neutral
bailemen_jiuguan,百樂門酒館,f4ffd63cf9e8ed72031cfd6f34917f7e58384fe1eee0dee0d3133939b3be346a,Su-Min Chuang,5.0,6 年前,2020-03-27,0,高雄獨立音樂的珍貴堡壘!,,價格,1,1,0.0,neutral
bailemen_jiuguan,百樂門酒館,d8067f013ea096b446bf2dd340f7afdf58eff63cd7e798f6374156c01cdc7cf8,陳宗,4.0,7 年前,2019-03-27,2,旁邊有垃圾 請通知清潔隊處理,,衛生/整潔,1,1,0.0,neutral
bailemen_jiuguan,百樂門酒館,c13581e781db6c01fba2a630bc1b8d7549cb42fc2fb8e8d3b39db3c3a2e2376b,Justin Chen,4.0,2 年前,2024-03-27,0,買票應該要付飲品,,飲品,1,1,0.0,neutral
bailemen_jiuguan,百樂門酒館,cfa6d4c1bb87f6ad9e103fa77df80e3d531464392539338e01941c1da0eafd63,Morrison Wu,5.0,7 年前,2019-03-27,0,看團聽音樂一定要來!,,氛圍/風格,1,1,0.0,neutral
bailemen_jiuguan,百樂門酒館,1a10b1d30600538376070f3ae1c171755ca9146cf5c4aba06357a1c576ef7caf,Turnlin林轉,5.0,7 年前,2019-03-27,0,高雄最佳獨立音樂藝文展演空間,,功能用途,1,1,0.0,neutral
bailemen_jiuguan,百樂門酒館,1a10b1d30600538376070f3ae1c171755ca9146cf5c4aba06357a1c576ef7caf,Turnlin林轉,5.0,7 年前,2019-03-27,0,高雄最佳獨立音樂藝文展演空間,,氛圍/風格,1,1,0.0,neutral
bailemen_jiuguan,百樂門酒館,3182bbe289c1da4f3ec26281470efe89061fb6e3e363c58162d39acd5d0043ca,RU HARUMA,5.0,2 年前,2024-03-27,1,"體驗很棒,希望能在來😳餐點:5服務:5氣氛:5",,正餐,1,1,0.0,neutral
bailemen_jiuguan,百樂門酒館,3182bbe289c1da4f3ec26281470efe89061fb6e3e363c58162d39acd5d0043ca,RU HARUMA,5.0,2 年前,2024-03-27,1,"體驗很棒,希望能在來😳餐點:5服務:5氣氛:5",,店員/服務,1,1,0.0,neutral
bailemen_jiuguan,百樂門酒館,fabe3360d64b037d4da30cf6cd6d3a6ae4e2980ffb47de2854c99fe8e02c51b8,惡魔貓貓和緊急糧食和飯後甜點,5.0,1 年前,2025-03-27,0,老闆很會唱歌餐點:5服務:5氣氛:5,,正餐,1,1,0.0,neutral
bailemen_jiuguan,百樂門酒館,fabe3360d64b037d4da30cf6cd6d3a6ae4e2980ffb47de2854c99fe8e02c51b8,惡魔貓貓和緊急糧食和飯後甜點,5.0,1 年前,2025-03-27,0,老闆很會唱歌餐點:5服務:5氣氛:5,,店員/服務,1,1,0.0,neutral
bailemen_jiuguan,百樂門酒館,afc30dbe912b179521f5cd5b3416b05162a38c53216c82266ba605aba4ce5779,石晉瑋,5.0,6 年前,2020-03-27,0,吧檯人員很親切 裡面的裝潢擺設很有味道 東西不貴,,價格,1,1,1.5,positive
bailemen_jiuguan,百樂門酒館,1206871a1216f2d7ac56b2c4e6ee1ff27d3ef81383baf6d25b39a5b5973a3c82,Chen Hui Ying (Vanessa),5.0,1 年前,2025-03-27,0,店長調的酒超讚👍平均每人消費金額$400-600餐點:5服務:5氣氛:5,,正餐,1,1,1.5,positive
bailemen_jiuguan,百樂門酒館,1206871a1216f2d7ac56b2c4e6ee1ff27d3ef81383baf6d25b39a5b5973a3c82,Chen Hui Ying (Vanessa),5.0,1 年前,2025-03-27,0,店長調的酒超讚👍平均每人消費金額$400-600餐點:5服務:5氣氛:5,,店員/服務,1,1,1.5,positive
bailemen_jiuguan,百樂門酒館,535cd8e6ec2ce5b5f06cc420c218e1af22c2940ed0f7819c8ee10e8edb307229,張益嘉,5.0,2 年前,2024-03-27,0,"酒很便宜,定期有樂團演出平均每人消費金額$400-600餐點:3服務:5氣氛:5",,正餐,1,1,0.0,neutral
bailemen_jiuguan,百樂門酒館,535cd8e6ec2ce5b5f06cc420c218e1af22c2940ed0f7819c8ee10e8edb307229,張益嘉,5.0,2 年前,2024-03-27,0,"酒很便宜,定期有樂團演出平均每人消費金額$400-600餐點:3服務:5氣氛:5",,店員/服務,1,1,0.0,neutral
bailemen_jiuguan,百樂門酒館,535cd8e6ec2ce5b5f06cc420c218e1af22c2940ed0f7819c8ee10e8edb307229,張益嘉,5.0,2 年前,2024-03-27,0,"酒很便宜,定期有樂團演出平均每人消費金額$400-600餐點:3服務:5氣氛:5",,價格,1,1,0.0,neutral
bailemen_jiuguan,百樂門酒館,b2b692c938340075a1578583021a387e649d90fb4acb9195b6b784882485be66,ascratch05 ascratch05,5.0,上次編輯：1 個月前,2026-02-27,0,最棒的阿昌老闆餐點:5服務:5氣氛:5,,正餐,1,1,0.0,neutral
bailemen_jiuguan,百樂門酒館,b2b692c938340075a1578583021a387e649d90fb4acb9195b6b784882485be66,ascratch05 ascratch05,5.0,上次編輯：1 個月前,2026-02-27,0,最棒的阿昌老闆餐點:5服務:5氣氛:5,,店員/服務,1,1,0.0,neutral
bailemen_jiuguan,百樂門酒館,dc2be56cc4806607db932f4b31976e573914424c5eacc5ee6a78eda68edcd3cd,田靖,5.0,5 個月前,2025-10-27,0,啤酒蠻便宜,,價格,1,1,0.0,neutral
bailemen_jiuguan,百樂門酒館,0312f686806bb5cac0196d497625cd76715883aeaa8b54c5b9f348fe83836434,Estelle Husky,5.0,3 年前,2023-03-27,2,"氣氛佳,價格實惠,炸物好吃,洗手間很乾淨值得讚許",,價格,1,1,5.0,positive
bailemen_jiuguan,百樂門酒館,0312f686806bb5cac0196d497625cd76715883aeaa8b54c5b9f348fe83836434,Estelle Husky,5.0,3 年前,2023-03-27,2,"氣氛佳,價格實惠,炸物好吃,洗手間很乾淨值得讚許",,衛生/整潔,1,1,5.0,positive
bailemen_jiuguan,百樂門酒館,b0044544018d2cc76012921129586528d1d6f30d01d98c7e86be8c786bb8a67e,Ray Huang,5.0,7 年前,2019-03-27,0,"燈光好氣氛佳,音樂性質酒吧! 值得一來再來👍 ...",,氛圍/風格,1,1,0.0,neutral
bailemen_jiuguan,百樂門酒館,8796c041d5baeb66af903a5871ba7eb0e0148c0e7da2a95308db1eb2e6acc845,CYK-黃秋芬,5.0,2 年前,2024-03-27,0,整體都好棒 一進門的感覺也很好 很棒的舒壓空間,,功能用途,1,1,1.0,positive
bailemen_jiuguan,百樂門酒館,cda7952dc6b4caeb00677c2d3a9892204c7cf7cd1419efe81c3db1dc94c8852b,江煥翔,5.0,7 年前,2019-03-27,1,"氣氛很好,店內的人都很和善很好聊天。吧台的姊姊好可愛 ><",,氛圍/風格,1,1,0.0,neutral
bailemen_jiuguan,百樂門酒館,ed5f850d30eb4c6bacef582072a0178ae57947036cdcdc1ae8b188da57ce3fdf,鄭珍雲,5.0,2 年前,2024-03-27,0,"很讚的live house 樓下的酒吧氛圍好,空間寬敞平均每人消費金額$200-400餐點:5服務:5氣氛:5",,正餐,1,1,1.5,positive
bailemen_jiuguan,百樂門酒館,ed5f850d30eb4c6bacef582072a0178ae57947036cdcdc1ae8b188da57ce3fdf,鄭珍雲,5.0,2 年前,2024-03-27,0,"很讚的live house 樓下的酒吧氛圍好,空間寬敞平均每人消費金額$200-400餐點:5服務:5氣氛:5",,功能用途,1,1,1.5,positive
bailemen_jiuguan,百樂門酒館,ed5f850d30eb4c6bacef582072a0178ae57947036cdcdc1ae8b188da57ce3fdf,鄭珍雲,5.0,2 年前,2024-03-27,0,"很讚的live house 樓下的酒吧氛圍好,空間寬敞平均每人消費金額$200-400餐點:5服務:5氣氛:5",,氛圍/風格,1,1,1.5,positive
bailemen_jiuguan,百樂門酒館,ed5f850d30eb4c6bacef582072a0178ae57947036cdcdc1ae8b188da57ce3fdf,鄭珍雲,5.0,2 年前,2024-03-27,0,"很讚的live house 樓下的酒吧氛圍好,空間寬敞平均每人消費金額$200-400餐點:5服務:5氣氛:5",,店員/服務,1,1,1.5,positive
bailemen_jiuguan,百樂門酒館,fad3a35653307c3827de6a03d8977eaefca57768d9fdcc262a9a879a25ccbb27,陳芳,5.0,7 年前,2019-03-27,7,"隔壁太爛了,站門口都會被警察關切,百樂門服務好多了,給百樂門五顆星~",,店員/服務,1,1,0.0,neutral
bailemen_jiuguan,百樂門酒館,46db4bdfc2a76a826cdd42a6b53d05a35cbd575bca7e9bf1c8710359690cba3e,Elena Su,5.0,3 年前,2023-03-27,0,很棒的氣氛 二樓有表演空間 一樓的啤酒不貴,,功能用途,1,1,0.0,neutral
bailemen_jiuguan,百樂門酒館,46db4bdfc2a76a826cdd42a6b53d05a35cbd575bca7e9bf1c8710359690cba3e,Elena Su,5.0,3 年前,2023-03-27,0,很棒的氣氛 二樓有表演空間 一樓的啤酒不貴,,價格,1,1,0.0,neutral
bailemen_jiuguan,百樂門酒館,f9021a8039e5522e0fa08a31c7a435c36a3ae818f44885014f41e41bd4c01d57,Chloé L,5.0,3 年前,2023-03-27,0,大推 愛店 氣氛好 服務讚 便宜又有表演看,,店員/服務,1,1,1.0,positive
bailemen_jiuguan,百樂門酒館,f9021a8039e5522e0fa08a31c7a435c36a3ae818f44885014f41e41bd4c01d57,Chloé L,5.0,3 年前,2023-03-27,0,大推 愛店 氣氛好 服務讚 便宜又有表演看,,價格,1,1,1.0,positive
bailemen_jiuguan,百樂門酒館,efb5f0d91f1fba8284f196fb016741749504f69860eab620fa332a4462096608,Bowie Hsu,5.0,1 年前,2025-03-27,0,推薦高雄舒服音樂龐克搖滾平價酒吧平均每人消費金額$200-400氣氛:5,,氛圍/風格,1,1,2.0,positive
bailemen_jiuguan,百樂門酒館,c627a107967564350a8ed73deb7afdb192a5215d95943fe16dff42b5cd55b7db,Mads Weng,5.0,1 年前,2025-03-27,0,我是來看表演的啦!我愛樂團讚讚!平均每人消費金額$200-400餐點:5服務:5氣氛:5,,正餐,1,1,0.0,neutral
bailemen_jiuguan,百樂門酒館,c627a107967564350a8ed73deb7afdb192a5215d95943fe16dff42b5cd55b7db,Mads Weng,5.0,1 年前,2025-03-27,0,我是來看表演的啦!我愛樂團讚讚!平均每人消費金額$200-400餐點:5服務:5氣氛:5,,店員/服務,1,1,0.0,neutral
bailemen_jiuguan,百樂門酒館,b5f287e3fbba844adfe35f095246cf02ccef49931e68f8bf3effb4f7b0701bc4,Hsiao Ted,5.0,6 年前,2020-03-27,1,"太棒的地方!喝酒空間很棒,食物也超讚,看表演品質很好,樓上看表演音場很爽!",,功能用途,1,1,1.5,positive
bailemen_jiuguan,百樂門酒館,04346f89673ed37a809193139ea1a03ac51dd7dae8e20cd5f722d398c12da543,Lightsout vlvl,5.0,1 年前,2025-03-27,0,"環境舒服,一切都很美好,高雄樂團仔の聖地牙哥平均每人消費金額$200-400餐點:5服務:5氣氛:5",,正餐,1,1,1.0,positive
bailemen_jiuguan,百樂門酒館,04346f89673ed37a809193139ea1a03ac51dd7dae8e20cd5f722d398c12da543,Lightsout vlvl,5.0,1 年前,2025-03-27,0,"環境舒服,一切都很美好,高雄樂團仔の聖地牙哥平均每人消費金額$200-400餐點:5服務:5氣氛:5",,店員/服務,1,1,1.0,positive
bailemen_jiuguan,百樂門酒館,a84b9e2880854457886f4d52e85c4f7076d7d7220a1e9b2bacfb8492309c92d8,燦,5.0,2 年前,2024-03-27,3,員工老闆人超好⋯⋯⋯🥹 昨天喝到爛醉 員工和客人都陪著我⋯ 強制営️業到五點 一定會常去🥹🫶🏻🫶🏻平均每人消費金額$400-600餐點:5服務:5氣氛:5,,正餐,1,1,0.0,neutral
bailemen_jiuguan,百樂門酒館,a84b9e2880854457886f4d52e85c4f7076d7d7220a1e9b2bacfb8492309c92d8,燦,5.0,2 年前,2024-03-27,3,員工老闆人超好⋯⋯⋯🥹 昨天喝到爛醉 員工和客人都陪著我⋯ 強制営️業到五點 一定會常去🥹🫶🏻🫶🏻平均每人消費金額$400-600餐點:5服務:5氣氛:5,,店員/服務,1,1,0.0,neutral
bailemen_jiuguan,百樂門酒館,3e9192011ad7b32f0a45c86b4e4cb1a67ed7da8a9afe9100a1a84e45765a58dd,Hao A,5.0,上次編輯：4 年前,2022-03-27,3,"""高雄的孩子,愛你的厝、愛你的家, 要明白最美的土地才會成就每朵最美的花。"" K represent 第二季:百家爭鳴 全高雄嘻哈社團聯合演出 就在明天 K represent 第二季也要在這畫上句點 多虧大家的支持和相挺 我能夠將活動辦到第二屆 離一開始的目標,建立高雄在地的嘻哈又更進一步 我心目中的嘻哈,絕對是要和你來自哪裡畫上等號的 猶如底特律之於阿姆、多倫多之於Drake一般 嘻哈從發源地到達各個不同的城市 經過當地的文化孕育出每個不盡相同的面貌 而這一切不會憑空而生, 絕對是透過每個熱愛者的努力和傳遞 一切都還沒有結束, 能夠走的多遠取決於所有熱愛嘻哈、地下音樂的朋友 如果你也喜歡K represent的活動氛圍 如果你也支持將一切回歸嘻哈音樂本質的理念 如果你也認同我邀請更多在地的心血展現創作 邀請大家明晚七點半,一同到百樂門 欣賞由全高雄大學嘻哈社團聯合的演出 也一起見證2019的K represent最終場 我們一直為了理念在努力、在付出、在戰鬥 真心邀請你 投我一票 - 阿不是,是一起來玩🔥🔥",,氛圍/風格,1,1,1.0,positive
bailemen_jiuguan,百樂門酒館,c847167db61764403349408873f6d06b71ac77a826173e3e53a65a585f3f00c2,吳芳妤,5.0,1 年前,2025-03-27,0,可以一直來喝酒看表演的超讚地點!餐點:5服務:5氣氛:5預訂網址不需要訂位特價優惠不確定特別活動其他,,正餐,1,1,0.0,neutral
bailemen_jiuguan,百樂門酒館,c847167db61764403349408873f6d06b71ac77a826173e3e53a65a585f3f00c2,吳芳妤,5.0,1 年前,2025-03-27,0,可以一直來喝酒看表演的超讚地點!餐點:5服務:5氣氛:5預訂網址不需要訂位特價優惠不確定特別活動其他,,店員/服務,1,1,0.0,neutral
bailemen_jiuguan,百樂門酒館,cbcea4cb40491114c7a24727c52c3f6e107408536a744fbd2a7ec449666d6523,在地青年,1.0,2 年前,2024-03-27,0,"今天去的時候有一個客人喝到爛醉,然後四處撞倒東西,倒致坐在他旁邊都變得心驚膽顫無法好好享受這得來不易的放鬆時光,現場人員應該做好場控,而不是就放任他在鬧影響到其他客人,有這樣的體驗真的非常不舒適,而且事後也沒有針對此事做任何表示,感覺很差,不會再優先考慮光顧",,氛圍/風格,1,1,-1.5,negative
bailemen_jiuguan,百樂門酒館,82aeebfbe7607f99eeb06933a6dfb373a051da1aaccd8032fa78c36ca911b997,DT,5.0,2 年前,2024-03-27,4,昌哥和百樂門是高雄/台灣獨立樂團文化的幕後大推手 週三還有安排DJ可以放鬆聽音樂喝酒 適合和朋友小酌的地方 懇請支持,,氛圍/風格,1,1,0.0,neutral
bailemen_jiuguan,百樂門酒館,3c094ab78dd4bdafb73ac3bc25811db5d05907ab999ecf6f130f4a9033c39766,uin Lin,5.0,8 個月前,2025-07-27,0,"奶酒口感豐富(*☻-☻*)平均每人消費金額$200-400餐點:5服務:5氣氛:5吵雜程度安靜,適合交談用餐人數多人聚餐/單人用餐皆宜座位類型室內用餐區, 酒吧區, 戶外庭園/露台",,正餐,1,1,1.0,positive
bailemen_jiuguan,百樂門酒館,3c094ab78dd4bdafb73ac3bc25811db5d05907ab999ecf6f130f4a9033c39766,uin Lin,5.0,8 個月前,2025-07-27,0,"奶酒口感豐富(*☻-☻*)平均每人消費金額$200-400餐點:5服務:5氣氛:5吵雜程度安靜,適合交談用餐人數多人聚餐/單人用餐皆宜座位類型室內用餐區, 酒吧區, 戶外庭園/露台",,功能用途,1,1,1.0,positive
bailemen_jiuguan,百樂門酒館,3c094ab78dd4bdafb73ac3bc25811db5d05907ab999ecf6f130f4a9033c39766,uin Lin,5.0,8 個月前,2025-07-27,0,"奶酒口感豐富(*☻-☻*)平均每人消費金額$200-400餐點:5服務:5氣氛:5吵雜程度安靜,適合交談用餐人數多人聚餐/單人用餐皆宜座位類型室內用餐區, 酒吧區, 戶外庭園/露台",,店員/服務,1,1,1.0,positive
bailemen_jiuguan,百樂門酒館,e409828862259c0bae9309b02a320e05d71bdf0329453e8ee14365285942fec8,Levanteous Opheudevous,5.0,2 年前,2024-03-27,2,"非常優秀的表演空間!音場好,觀眾反應佳,以獨立音樂的演出來說是非常具備讓觀眾和演出者雙方產生化學反應的好場所! 下次有機會再去百樂門喝喝看酒",,功能用途,1,1,1.5,positive
bailemen_jiuguan,百樂門酒館,e409828862259c0bae9309b02a320e05d71bdf0329453e8ee14365285942fec8,Levanteous Opheudevous,5.0,2 年前,2024-03-27,2,"非常優秀的表演空間!音場好,觀眾反應佳,以獨立音樂的演出來說是非常具備讓觀眾和演出者雙方產生化學反應的好場所! 下次有機會再去百樂門喝喝看酒",,氛圍/風格,1,1,0.0,neutral
bailemen_jiuguan,百樂門酒館,b2e4a5181d586dfb52f88f8b0a229f741eaaa95c311b2c23a1d1bcbaf5525403,盧倪倪,5.0,7 個月前,2025-08-27,0,餐點不錯 裡面的表演也蠻好看的!餐點:5服務:5氣氛:5,,正餐,1,2,0.5,neutral
bailemen_jiuguan,百樂門酒館,b2e4a5181d586dfb52f88f8b0a229f741eaaa95c311b2c23a1d1bcbaf5525403,盧倪倪,5.0,7 個月前,2025-08-27,0,餐點不錯 裡面的表演也蠻好看的!餐點:5服務:5氣氛:5,,店員/服務,1,1,0.0,neutral
bailemen_jiuguan,百樂門酒館,8a1665edec3f2c0aeb1de6fc8c6e26a9cdfb7e5440adadd5f47d3120fceec548,ㄏ,5.0,1 年前,2025-03-27,0,"高雄還有幾間live house酒吧?百樂門基本上就高雄版的左輪吧哈哈。酒很讚,吃的上菜時間適中,氣氛不錯,的確有時會有些熱鬧、吵雜,表演場地很舒適。平均每人消費金額$200-400餐點:5服務:5氣氛:4",,正餐,1,1,0.0,neutral
bailemen_jiuguan,百樂門酒館,8a1665edec3f2c0aeb1de6fc8c6e26a9cdfb7e5440adadd5f47d3120fceec548,ㄏ,5.0,1 年前,2025-03-27,0,"高雄還有幾間live house酒吧?百樂門基本上就高雄版的左輪吧哈哈。酒很讚,吃的上菜時間適中,氣氛不錯,的確有時會有些熱鬧、吵雜,表演場地很舒適。平均每人消費金額$200-400餐點:5服務:5氣氛:4",,氛圍/風格,1,1,4.0,positive
bailemen_jiuguan,百樂門酒館,8a1665edec3f2c0aeb1de6fc8c6e26a9cdfb7e5440adadd5f47d3120fceec548,ㄏ,5.0,1 年前,2025-03-27,0,"高雄還有幾間live house酒吧?百樂門基本上就高雄版的左輪吧哈哈。酒很讚,吃的上菜時間適中,氣氛不錯,的確有時會有些熱鬧、吵雜,表演場地很舒適。平均每人消費金額$200-400餐點:5服務:5氣氛:4",,店員/服務,1,1,0.0,neutral
bailemen_jiuguan,百樂門酒館,8a1665edec3f2c0aeb1de6fc8c6e26a9cdfb7e5440adadd5f47d3120fceec548,ㄏ,5.0,1 年前,2025-03-27,0,"高雄還有幾間live house酒吧?百樂門基本上就高雄版的左輪吧哈哈。酒很讚,吃的上菜時間適中,氣氛不錯,的確有時會有些熱鬧、吵雜,表演場地很舒適。平均每人消費金額$200-400餐點:5服務:5氣氛:4",,出餐速度,1,1,4.0,positive
bailemen_jiuguan,百樂門酒館,49ebddaebad79790b7e9bea43cf3af226b94599cbd788c3cd5b254717ff98137,翁瑞瑜,5.0,2 年前,2024-03-27,1,"燈光美氣氛佳,食物好吃,調酒好喝,CP值高 店員親切",,店員/服務,1,1,3.0,positive
bailemen_jiuguan,百樂門酒館,31ac68bf727553e359028ba8ff83b5fb5467aebba9a16ea7cc8ac62c8070a4b0,小夜,5.0,8 個月前,2025-07-27,0,餐點非常好吃 表演非常好看 如果老闆可以再牽一頭羊來上班就更好了餐點:5服務:5氣氛:5,,正餐,1,1,1.5,positive
bailemen_jiuguan,百樂門酒館,31ac68bf727553e359028ba8ff83b5fb5467aebba9a16ea7cc8ac62c8070a4b0,小夜,5.0,8 個月前,2025-07-27,0,餐點非常好吃 表演非常好看 如果老闆可以再牽一頭羊來上班就更好了餐點:5服務:5氣氛:5,,店員/服務,1,1,1.5,positive
bailemen_jiuguan,百樂門酒館,65ffd826ec606e4d86e84d8f3cb5c0885cb9d71506078d2461d969bea6e2b2d8,Qing Leng Zuo,3.0,6 年前,2020-03-27,2,如果會怕煙味可能比較不適合來 每桌桌上都會有一個燭台 燈光偏昏暗,,衛生/整潔,1,1,-1.0,negative
bailemen_jiuguan,百樂門酒館,09472b1a44fa4f526b66ed58853d3b39f108512066df77eb9700508ad3ada4dd,Tegan,5.0,2 年前,2024-03-27,1,調酒價格非常親民 兩百多塊而已 很久沒看到這麼便宜的價格 服務生態度很好 對飲品有問題他們都會細心解說平均每人消費金額$600-800餐點:4服務:5氣氛:5,,飲品,1,1,0.0,neutral
bailemen_jiuguan,百樂門酒館,09472b1a44fa4f526b66ed58853d3b39f108512066df77eb9700508ad3ada4dd,Tegan,5.0,2 年前,2024-03-27,1,調酒價格非常親民 兩百多塊而已 很久沒看到這麼便宜的價格 服務生態度很好 對飲品有問題他們都會細心解說平均每人消費金額$600-800餐點:4服務:5氣氛:5,,正餐,1,1,0.0,neutral
bailemen_jiuguan,百樂門酒館,09472b1a44fa4f526b66ed58853d3b39f108512066df77eb9700508ad3ada4dd,Tegan,5.0,2 年前,2024-03-27,1,調酒價格非常親民 兩百多塊而已 很久沒看到這麼便宜的價格 服務生態度很好 對飲品有問題他們都會細心解說平均每人消費金額$600-800餐點:4服務:5氣氛:5,,店員/服務,1,1,0.0,neutral
bailemen_jiuguan,百樂門酒館,09472b1a44fa4f526b66ed58853d3b39f108512066df77eb9700508ad3ada4dd,Tegan,5.0,2 年前,2024-03-27,1,調酒價格非常親民 兩百多塊而已 很久沒看到這麼便宜的價格 服務生態度很好 對飲品有問題他們都會細心解說平均每人消費金額$600-800餐點:4服務:5氣氛:5,,價格,1,1,0.0,neutral
bailemen_jiuguan,百樂門酒館,f3bc00e59e0b3b83a55166ff1c82f3509fce82d38d8499693abe22440cda339c,林佩潔,5.0,3 年前,2023-03-27,0,要喝酒太開心了沒拍到其他照片ಥ_ಥ是可以大聲講話的酒吧 酒不貴 還有拍貼機 真的超開心 偶爾會有樂團表演 或者是DJ放歌 是很適合假日去放鬆的好酒吧,,價格,1,1,0.0,neutral
bailemen_jiuguan,百樂門酒館,a6cc1794dd8112157e61875a9056b5ba0bb2846073bfd163685e83ff9f97c901,丸子,5.0,10 個月前,2025-05-27,1,二樓有結合地下偶像的活動 非常舒適 晚上還有酒吧的營業 很棒的模式平均每人消費金額$200-400餐點:5服務:5氣氛:5預訂網址需訂位用餐人數多人聚餐/單人用餐皆宜等待時間不需等候,,正餐,1,1,1.5,positive
bailemen_jiuguan,百樂門酒館,a6cc1794dd8112157e61875a9056b5ba0bb2846073bfd163685e83ff9f97c901,丸子,5.0,10 個月前,2025-05-27,1,二樓有結合地下偶像的活動 非常舒適 晚上還有酒吧的營業 很棒的模式平均每人消費金額$200-400餐點:5服務:5氣氛:5預訂網址需訂位用餐人數多人聚餐/單人用餐皆宜等待時間不需等候,,氛圍/風格,1,1,1.5,positive
bailemen_jiuguan,百樂門酒館,a6cc1794dd8112157e61875a9056b5ba0bb2846073bfd163685e83ff9f97c901,丸子,5.0,10 個月前,2025-05-27,1,二樓有結合地下偶像的活動 非常舒適 晚上還有酒吧的營業 很棒的模式平均每人消費金額$200-400餐點:5服務:5氣氛:5預訂網址需訂位用餐人數多人聚餐/單人用餐皆宜等待時間不需等候,,店員/服務,1,1,1.5,positive
bailemen_jiuguan,百樂門酒館,a6cc1794dd8112157e61875a9056b5ba0bb2846073bfd163685e83ff9f97c901,丸子,5.0,10 個月前,2025-05-27,1,二樓有結合地下偶像的活動 非常舒適 晚上還有酒吧的營業 很棒的模式平均每人消費金額$200-400餐點:5服務:5氣氛:5預訂網址需訂位用餐人數多人聚餐/單人用餐皆宜等待時間不需等候,,出餐速度,1,1,1.5,positive
bailemen_jiuguan,百樂門酒館,b12e5e9acc26ce55993256fd20f249005a7cdafe371b07ed705a62157b772628,Willy Shih,5.0,3 個月前,2025-12-27,0,"氣氛沒話說,要是有qr code菜單就更好了,調酒也好喝。餐點:5服務:5氣氛:5",,正餐,1,1,0.0,neutral
bailemen_jiuguan,百樂門酒館,b12e5e9acc26ce55993256fd20f249005a7cdafe371b07ed705a62157b772628,Willy Shih,5.0,3 個月前,2025-12-27,0,"氣氛沒話說,要是有qr code菜單就更好了,調酒也好喝。餐點:5服務:5氣氛:5",,店員/服務,1,1,0.0,neutral
bailemen_jiuguan,百樂門酒館,f34d32ae216dd30e86eb4366f621f8b4a922bb3530c1f22c78577d3e57830e14,Roy Lee,4.0,2 年前,2024-03-27,4,"趁著幾分酒意來此續攤,帥哥、美女服務員及老闆熱忱接待讓大家相當開心,另約好再次到訪歡聚。平均每人消費金額$400-600餐點:4服務:4氣氛:4",,正餐,1,1,0.0,neutral
bailemen_jiuguan,百樂門酒館,f34d32ae216dd30e86eb4366f621f8b4a922bb3530c1f22c78577d3e57830e14,Roy Lee,4.0,2 年前,2024-03-27,4,"趁著幾分酒意來此續攤,帥哥、美女服務員及老闆熱忱接待讓大家相當開心,另約好再次到訪歡聚。平均每人消費金額$400-600餐點:4服務:4氣氛:4",,店員/服務,1,2,0.0,neutral
bailemen_jiuguan,百樂門酒館,7a73a8bc3793972575ed0f7fb7685c38610960f9fdc913cd177cd877b0c8a0d1,A L,5.0,2 年前,2024-03-27,3,"週三DJ夜來訪, 點了調酒:百樂門、貝禮詩牛奶 百樂門喝起來是梅酒混什麼什麼,很順口 貝禮詩牛奶有股巧克力牛奶味道,甜甜好喝🤩 炸薯條好大一份..可以吃很飽:) 店內沒什麼煙味,廁所寬敞,店員親切,可以輕鬆來坐坐👍",,店員/服務,1,1,1.0,positive
bailemen_jiuguan,百樂門酒館,7a73a8bc3793972575ed0f7fb7685c38610960f9fdc913cd177cd877b0c8a0d1,A L,5.0,2 年前,2024-03-27,3,"週三DJ夜來訪, 點了調酒:百樂門、貝禮詩牛奶 百樂門喝起來是梅酒混什麼什麼,很順口 貝禮詩牛奶有股巧克力牛奶味道,甜甜好喝🤩 炸薯條好大一份..可以吃很飽:) 店內沒什麼煙味,廁所寬敞,店員親切,可以輕鬆來坐坐👍",,衛生/整潔,1,1,1.0,positive
bailemen_jiuguan,百樂門酒館,0eff8331ca4f7c0274c569fc427f561089724d62aa86fe4217fb105570ed3bf2,Tseng,5.0,1 年前,2025-03-27,1,上週五去看表演 整個氣氛很好 小小的可以很近距離看到喜歡的歌手 樓下氛圍也不錯 下次還要來喝酒 整體營造出來的感覺很有夜生活又有質感,,氛圍/風格,1,1,2.0,positive
bailemen_jiuguan,百樂門酒館,b7b5300ef6f573852cc873d3880412fbb956304215c2e89dc854f40e72a176d2,Davis Tai,5.0,7 個月前,2025-08-27,1,"位於高雄的老牌酒館,1樓是酒吧、3樓有提供展演空間。 1樓酒吧的生啤500ml才$140 ,炸物拼盤好吃;基本上菜單上沒有的,問老闆都可能會出現。 🤭(加價)平均每人消費金額$1-200餐點:4服務:4氣氛:5吵雜程度吵雜,但還是能交談用餐人數多人聚餐/單人用餐皆宜等待時間不需等候",,正餐,1,1,0.0,neutral
bailemen_jiuguan,百樂門酒館,b7b5300ef6f573852cc873d3880412fbb956304215c2e89dc854f40e72a176d2,Davis Tai,5.0,7 個月前,2025-08-27,1,"位於高雄的老牌酒館,1樓是酒吧、3樓有提供展演空間。 1樓酒吧的生啤500ml才$140 ,炸物拼盤好吃;基本上菜單上沒有的,問老闆都可能會出現。 🤭(加價)平均每人消費金額$1-200餐點:4服務:4氣氛:5吵雜程度吵雜,但還是能交談用餐人數多人聚餐/單人用餐皆宜等待時間不需等候",,功能用途,1,1,0.0,neutral
bailemen_jiuguan,百樂門酒館,b7b5300ef6f573852cc873d3880412fbb956304215c2e89dc854f40e72a176d2,Davis Tai,5.0,7 個月前,2025-08-27,1,"位於高雄的老牌酒館,1樓是酒吧、3樓有提供展演空間。 1樓酒吧的生啤500ml才$140 ,炸物拼盤好吃;基本上菜單上沒有的,問老闆都可能會出現。 🤭(加價)平均每人消費金額$1-200餐點:4服務:4氣氛:5吵雜程度吵雜,但還是能交談用餐人數多人聚餐/單人用餐皆宜等待時間不需等候",,店員/服務,1,2,0.5,neutral
bailemen_jiuguan,百樂門酒館,b7b5300ef6f573852cc873d3880412fbb956304215c2e89dc854f40e72a176d2,Davis Tai,5.0,7 個月前,2025-08-27,1,"位於高雄的老牌酒館,1樓是酒吧、3樓有提供展演空間。 1樓酒吧的生啤500ml才$140 ,炸物拼盤好吃;基本上菜單上沒有的,問老闆都可能會出現。 🤭(加價)平均每人消費金額$1-200餐點:4服務:4氣氛:5吵雜程度吵雜,但還是能交談用餐人數多人聚餐/單人用餐皆宜等待時間不需等候",,出餐速度,1,2,0.5,neutral
